HomeTeam,AwayTeam,Racha_Local,Racha_Visita,Dif_Goles_Local,Dif_Goles_Visita,xG_Favor_Local,xG_Contra_Local,xG_Favor_Visita,xG_Contra_Visita,Pts_Totales_Local,Pts_Totales_Visita,B365H,B365D,B365A
Ath Madrid,Barcelona,6,3,10,0,1.8,0.9,2.7999999999999994,1.2833333333333332,60,426,2.8,3.4,2.45
Bayern Munich,Dortmund,9,6,35,5,2.9,1.0,3.133333333333333,1.5,70,360,1.6,4.5,5.0
PSG,Marseille,9,6,8,0,2.6833333333333336,2.5,2.966666666666667,0.7833333333333333,397,310,1.45,4.8,6.5
Man City,Arsenal,9,6,30,2,2.8,0.9,2.716666666666667,1.6666666666666667,72,376,2.1,3.5,3.2
Juventus,Inter,9,7,4,6,2.1333333333333333,1.4333333333333333,2.9166666666666665,1.5166666666666666,374,438,2.8,3.1,2.6
