{"Ath Bilbao": {"Racha": 9, "Dif_Goles": 4, "xG_Favor": 2.783333333333333, "xG_Contra": 0.85, "Pts_Totales": 104}, "Getafe": {"Racha": 6, "Dif_Goles": 2, "xG_Favor": 1.4666666666666668, "xG_Contra": 1.25, "Pts_Totales": 71}, "Betis": {"Racha": 7, "Dif_Goles": 2, "xG_Favor": 2.15, "xG_Contra": 1.7, "Pts_Totales": 102}, "Girona": {"Racha": 5, "Dif_Goles": 1, "xG_Favor": 2.6333333333333333, "xG_Contra": 2.2166666666666663, "Pts_Totales": 71}, "Celta": {"Racha": 4, "Dif_Goles": 1, "xG_Favor": 2.466666666666667, "xG_Contra": 0.7999999999999999, "Pts_Totales": 92}, "Alaves": {"Racha": 2, "Dif_Goles": -2, "xG_Favor": 1.9000000000000001, "xG_Contra": 1.7166666666666668, "Pts_Totales": 69}, "Las Palmas": {"Racha": 0, "Dif_Goles": -4, "xG_Favor": 1.5999999999999999, "xG_Contra": 1.4833333333333332, "Pts_Totales": 32}, "Sevilla": {"Racha": 5, "Dif_Goles": 1, "xG_Favor": 0.9500000000000001, "xG_Contra": 1.55, "Pts_Totales": 70}, "Man United": {"Racha": 7, "Dif_Goles": 3, "xG_Favor": 2.316666666666667, "xG_Contra": 1.2333333333333334, "Pts_Totales": 90}, "Fulham": {"Racha": 3, "Dif_Goles": -2, "xG_Favor": 1.6500000000000001, "xG_Contra": 1.6833333333333333, "Pts_Totales": 91}, "Empoli": {"Racha": 6, "Dif_Goles": 2, "xG_Favor": 1.9333333333333333, "xG_Contra": 1.0333333333333334, "Pts_Totales": 31}, "Monza": {"Racha": 3, "Dif_Goles": -3, "xG_Favor": 1.1833333333333333, "xG_Contra": 2.3499999999999996, "Pts_Totales": 18}, "Milan": {"Racha": 4, "Dif_Goles": 0, "xG_Favor": 1.8333333333333333, "xG_Contra": 1.3333333333333333, "Pts_Totales": 117}, "Torino": {"Racha": 1, "Dif_Goles": -4, "xG_Favor": 1.3333333333333333, "xG_Contra": 2.4499999999999997, "Pts_Totales": 71}, "West Ham": {"Racha": 5, "Dif_Goles": 2, "xG_Favor": 1.55, "xG_Contra": 1.9166666666666667, "Pts_Totales": 68}, "Aston Villa": {"Racha": 5, "Dif_Goles": 1, "xG_Favor": 1.5333333333333332, "xG_Contra": 2.3166666666666664, "Pts_Totales": 117}, "Nott'm Forest": {"Racha": 1, "Dif_Goles": -3, "xG_Favor": 2.9499999999999997, "xG_Contra": 1.7166666666666668, "Pts_Totales": 92}, "Bournemouth": {"Racha": 5, "Dif_Goles": 1, "xG_Favor": 2.483333333333333, "xG_Contra": 2.0166666666666666, "Pts_Totales": 94}, "Newcastle": {"Racha": 3, "Dif_Goles": -1, "xG_Favor": 2.433333333333333, "xG_Contra": 2.1, "Pts_Totales": 102}, "Southampton": {"Racha": 1, "Dif_Goles": -3, "xG_Favor": 0.65, "xG_Contra": 2.8333333333333335, "Pts_Totales": 12}, "Everton": {"Racha": 3, "Dif_Goles": -1, "xG_Favor": 2.033333333333333, "xG_Contra": 1.5833333333333333, "Pts_Totales": 85}, "Brighton": {"Racha": 3, "Dif_Goles": 0, "xG_Favor": 1.6500000000000001, "xG_Contra": 1.3833333333333335, "Pts_Totales": 95}, "Arsenal": {"Racha": 5, "Dif_Goles": 3, "xG_Favor": 1.9166666666666667, "xG_Contra": 1.3833333333333335, "Pts_Totales": 135}, "Wolves": {"Racha": 2, "Dif_Goles": -1, "xG_Favor": 1.5999999999999999, "xG_Contra": 2.6833333333333336, "Pts_Totales": 52}, "Ipswich": {"Racha": 0, "Dif_Goles": -5, "xG_Favor": 1.75, "xG_Contra": 1.9666666666666666, "Pts_Totales": 22}, "Liverpool": {"Racha": 6, "Dif_Goles": 1, "xG_Favor": 1.8999999999999997, "xG_Contra": 1.8666666666666665, "Pts_Totales": 129}, "Parma": {"Racha": 9, "Dif_Goles": 3, "xG_Favor": 1.8833333333333335, "xG_Contra": 1.6499999999999997, "Pts_Totales": 68}, "Fiorentina": {"Racha": 7, "Dif_Goles": 2, "xG_Favor": 2.0166666666666666, "xG_Contra": 1.3833333333333335, "Pts_Totales": 89}, "Genoa": {"Racha": 4, "Dif_Goles": 2, "xG_Favor": 2.183333333333333, "xG_Contra": 2.266666666666667, "Pts_Totales": 70}, "Inter": {"Racha": 9, "Dif_Goles": 8, "xG_Favor": 4.033333333333333, "xG_Contra": 1.3499999999999999, "Pts_Totales": 145}, "Osasuna": {"Racha": 7, "Dif_Goles": 2, "xG_Favor": 1.05, "xG_Contra": 2.2333333333333334, "Pts_Totales": 85}, "Leganes": {"Racha": 6, "Dif_Goles": 1, "xG_Favor": 2.433333333333333, "xG_Contra": 1.7833333333333334, "Pts_Totales": 40}, "Valencia": {"Racha": 3, "Dif_Goles": -1, "xG_Favor": 0.8333333333333334, "xG_Contra": 1.7333333333333332, "Pts_Totales": 72}, "Barcelona": {"Racha": 6, "Dif_Goles": 5, "xG_Favor": 3.216666666666667, "xG_Contra": 1.95, "Pts_Totales": 149}, "Lazio": {"Racha": 2, "Dif_Goles": -2, "xG_Favor": 1.6166666666666665, "xG_Contra": 2.4499999999999997, "Pts_Totales": 99}, "Venezia": {"Racha": 3, "Dif_Goles": -3, "xG_Favor": 1.4333333333333333, "xG_Contra": 1.7666666666666666, "Pts_Totales": 29}, "Cagliari": {"Racha": 1, "Dif_Goles": -4, "xG_Favor": 0.7166666666666667, "xG_Contra": 1.8333333333333333, "Pts_Totales": 65}, "Roma": {"Racha": 7, "Dif_Goles": 5, "xG_Favor": 1.9833333333333334, "xG_Contra": 1.0666666666666667, "Pts_Totales": 119}, "Chelsea": {"Racha": 5, "Dif_Goles": 2, "xG_Favor": 1.9666666666666668, "xG_Contra": 1.3499999999999999, "Pts_Totales": 114}, "Man City": {"Racha": 9, "Dif_Goles": 5, "xG_Favor": 2.65, "xG_Contra": 2.1, "Pts_Totales": 127}, "Sociedad": {"Racha": 4, "Dif_Goles": -1, "xG_Favor": 2.05, "xG_Contra": 2.1999999999999997, "Pts_Totales": 78}, "Vallecano": {"Racha": 4, "Dif_Goles": 2, "xG_Favor": 2.1999999999999997, "xG_Contra": 1.8499999999999999, "Pts_Totales": 78}, "Mallorca": {"Racha": 0, "Dif_Goles": -6, "xG_Favor": 1.0999999999999999, "xG_Contra": 3.216666666666667, "Pts_Totales": 72}, "Real Madrid": {"Racha": 6, "Dif_Goles": 4, "xG_Favor": 2.2166666666666663, "xG_Contra": 1.05, "Pts_Totales": 144}, "Brentford": {"Racha": 4, "Dif_Goles": -1, "xG_Favor": 1.7, "xG_Contra": 1.866666666666667, "Pts_Totales": 96}, "Crystal Palace": {"Racha": 6, "Dif_Goles": 1, "xG_Favor": 1.7, "xG_Contra": 1.6500000000000001, "Pts_Totales": 88}, "Verona": {"Racha": 1, "Dif_Goles": -4, "xG_Favor": 0.5333333333333333, "xG_Contra": 2.2666666666666666, "Pts_Totales": 52}, "Napoli": {"Racha": 4, "Dif_Goles": 0, "xG_Favor": 2.1833333333333336, "xG_Contra": 1.7166666666666668, "Pts_Totales": 132}, "Bologna": {"Racha": 6, "Dif_Goles": 1, "xG_Favor": 2.0833333333333335, "xG_Contra": 0.9666666666666667, "Pts_Totales": 98}, "Udinese": {"Racha": 0, "Dif_Goles": -3, "xG_Favor": 1.0, "xG_Contra": 2.016666666666666, "Pts_Totales": 76}, "Villarreal": {"Racha": 6, "Dif_Goles": 1, "xG_Favor": 1.8833333333333335, "xG_Contra": 1.383333333333333, "Pts_Totales": 121}, "Ath Madrid": {"Racha": 3, "Dif_Goles": -2, "xG_Favor": 2.3166666666666664, "xG_Contra": 1.9833333333333332, "Pts_Totales": 124}, "Leicester": {"Racha": 4, "Dif_Goles": 0, "xG_Favor": 1.2666666666666666, "xG_Contra": 2.216666666666667, "Pts_Totales": 25}, "Tottenham": {"Racha": 0, "Dif_Goles": -6, "xG_Favor": 1.2833333333333334, "xG_Contra": 3.266666666666667, "Pts_Totales": 67}, "Lecce": {"Racha": 6, "Dif_Goles": 1, "xG_Favor": 1.4333333333333333, "xG_Contra": 1.6833333333333333, "Pts_Totales": 58}, "Atalanta": {"Racha": 9, "Dif_Goles": 4, "xG_Favor": 2.9500000000000006, "xG_Contra": 1.7666666666666666, "Pts_Totales": 119}, "Juventus": {"Racha": 1, "Dif_Goles": -3, "xG_Favor": 2.8333333333333335, "xG_Contra": 1.9833333333333334, "Pts_Totales": 116}, "Como": {"Racha": 4, "Dif_Goles": 1, "xG_Favor": 1.5166666666666666, "xG_Contra": 1.4000000000000001, "Pts_Totales": 94}, "Valladolid": {"Racha": 0, "Dif_Goles": -5, "xG_Favor": 1.0999999999999999, "xG_Contra": 2.2166666666666663, "Pts_Totales": 16}, "Espanol": {"Racha": 1, "Dif_Goles": -5, "xG_Favor": 1.1333333333333333, "xG_Contra": 2.4, "Pts_Totales": 77}, "Oviedo": {"Racha": 4, "Dif_Goles": 0, "xG_Favor": 1.5833333333333333, "xG_Contra": 1.9166666666666667, "Pts_Totales": 17}, "Burnley": {"Racha": 4, "Dif_Goles": -1, "xG_Favor": 1.8333333333333333, "xG_Contra": 1.55, "Pts_Totales": 19}, "Sunderland": {"Racha": 0, "Dif_Goles": -6, "xG_Favor": 1.1666666666666667, "xG_Contra": 2.05, "Pts_Totales": 36}, "Levante": {"Racha": 0, "Dif_Goles": -6, "xG_Favor": 1.2, "xG_Contra": 2.4, "Pts_Totales": 18}, "Leeds": {"Racha": 5, "Dif_Goles": 2, "xG_Favor": 1.6333333333333335, "xG_Contra": 2.25, "Pts_Totales": 31}, "Elche": {"Racha": 1, "Dif_Goles": -3, "xG_Favor": 1.7, "xG_Contra": 1.883333333333333, "Pts_Totales": 25}, "Sassuolo": {"Racha": 6, "Dif_Goles": -1,