{"Arsenal": {"Racha": 6, "Dif_Goles": 2, "xG_Favor": 2.716666666666667, "xG_Contra": 1.6666666666666667, "Pts_Totales": 376}, "Manchester United": {"Racha": 4, "Dif_Goles": 0, "xG_Favor": 2.6833333333333336, "xG_Contra": 1.1666666666666667, "Pts_Totales": 337}, "Brighton": {"Racha": 0, "Dif_Goles": -7, "xG_Favor": 1.4000000000000001, "xG_Contra": 3.0833333333333335, "Pts_Totales": 243}, "Chelsea": {"Racha": 4, "Dif_Goles": 0, "xG_Favor": 2.2166666666666663, "xG_Contra": 2.183333333333333, "Pts_Totales": 314}, "Burnley": {"Racha": 0, "Dif_Goles": -8, "xG_Favor": 0.8333333333333334, "xG_Contra": 2.716666666666667, "Pts_Totales": 152}, "Aston Villa": {"Racha": 0, "Dif_Goles": -5, "xG_Favor": 1.1833333333333333, "xG_Contra": 3.3833333333333333, "Pts_Totales": 264}, "Manchester City": {"Racha": 7, "Dif_Goles": 7, "xG_Favor": 2.8166666666666664, "xG_Contra": 0.5499999999999999, "Pts_Totales": 466}, "Everton": {"Racha": 1, "Dif_Goles": -4, "xG_Favor": 1.1833333333333333, "xG_Contra": 1.7166666666666668, "Pts_Totales": 231}, "Newcastle": {"Racha": 2, "Dif_Goles": -1, "xG_Favor": 1.7666666666666666, "xG_Contra": 1.7333333333333334, "Pts_Totales": 274}, "Leicester": {"Racha": 3, "Dif_Goles": -1, "xG_Favor": 2.1333333333333333, "xG_Contra": 2.0166666666666666, "Pts_Totales": 214}, "Norwich": {"Racha": 1, "Dif_Goles": -3, "xG_Favor": 1.8333333333333333, "xG_Contra": 2.1666666666666665, "Pts_Totales": 43}, "Crystal Palace": {"Racha": 9, "Dif_Goles": 5, "xG_Favor": 2.533333333333333, "xG_Contra": 1.2166666666666666, "Pts_Totales": 229}, "Southampton": {"Racha": 4, "Dif_Goles": 0, "xG_Favor": 1.5999999999999999, "xG_Contra": 1.8833333333333335, "Pts_Totales": 160}, "Tottenham": {"Racha": 7, "Dif_Goles": 3, "xG_Favor": 2.2333333333333334, "xG_Contra": 2.0833333333333335, "Pts_Totales": 318}, "Watford": {"Racha": 1, "Dif_Goles": -2, "xG_Favor": 1.4833333333333332, "xG_Contra": 1.7999999999999998, "Pts_Totales": 57}, "Wolves": {"Racha": 4, "Dif_Goles": 2, "xG_Favor": 1.95, "xG_Contra": 1.3166666666666667, "Pts_Totales": 242}, "West Ham": {"Racha": 4, "Dif_Goles": 2, "xG_Favor": 2.25, "xG_Contra": 1.7166666666666668, "Pts_Totales": 252}, "Bournemouth": {"Racha": 1, "Dif_Goles": -4, "xG_Favor": 1.3833333333333335, "xG_Contra": 2.3333333333333335, "Pts_Totales": 121}, "Angers": {"Racha": 3, "Dif_Goles": -1, "xG_Favor": 1.2166666666666666, "xG_Contra": 1.7, "Pts_Totales": 142}, "Lorient": {"Racha": 0, "Dif_Goles": -8, "xG_Favor": 1.2333333333333332, "xG_Contra": 2.2666666666666666, "Pts_Totales": 162}, "Lens": {"Racha": 4, "Dif_Goles": 2, "xG_Favor": 3.1833333333333336, "xG_Contra": 1.8, "Pts_Totales": 262}, "PSG": {"Racha": 9, "Dif_Goles": 8, "xG_Favor": 2.6833333333333336, "xG_Contra": 2.5, "Pts_Totales": 397}, "Lyon": {"Racha": 7, "Dif_Goles": 2, "xG_Favor": 2.1333333333333333, "xG_Contra": 1.5499999999999998, "Pts_Totales": 293}, "Clermont": {"Racha": 0, "Dif_Goles": -5, "xG_Favor": 1.1, "xG_Contra": 2.283333333333333, "Pts_Totales": 120}, "Monaco": {"Racha": 3, "Dif_Goles": -3, "xG_Favor": 1.75, "xG_Contra": 2.283333333333333, "Pts_Totales": 319}, "Brest": {"Racha": 3, "Dif_Goles": -1, "xG_Favor": 1.2833333333333332, "xG_Contra": 2.65, "Pts_Totales": 228}, "Nantes": {"Racha": 1, "Dif_Goles": -5, "xG_Favor": 1.0, "xG_Contra": 2.216666666666667, "Pts_Totales": 201}, "Auxerre": {"Racha": 3, "Dif_Goles": -1, "xG_Favor": 1.5833333333333333, "xG_Contra": 2.15, "Pts_Totales": 35}, "Nottingham Forest": {"Racha": 3, "Dif_Goles": -10, "xG_Favor": 0.85, "xG_Contra": 3.25, "Pts_Totales": 74}, "Toulouse": {"Racha": 6, "Dif_Goles": 2, "xG_Favor": 2.2333333333333334, "xG_Contra": 2.65, "Pts_Totales": 104}, "Ajaccio": {"Racha": 0, "Dif_Goles": -6, "xG_Favor": 0.46666666666666673, "xG_Contra": 2.0166666666666666, "Pts_Totales": 26}, "Liverpool": {"Racha": 9, "Dif_Goles": 5, "xG_Favor": 2.5833333333333335, "xG_Contra": 0.9666666666666667, "Pts_Totales": 409}, "Amiens": {"Racha": 0, "Dif_Goles": -5, "xG_Favor": 1.2666666666666668, "xG_Contra": 2.766666666666667, "Pts_Totales": 23}, "Reims": {"Racha": 6, "Dif_Goles": 2, "xG_Favor": 2.35, "xG_Contra": 1.8500000000000003, "Pts_Totales": 227}, "Augsburg": {"Racha": 7, "Dif_Goles": 5, "xG_Favor": 3.466666666666667, "xG_Contra": 1.4333333333333336, "Pts_Totales": 183}, "Werder Bremen": {"Racha": 4, "Dif_Goles": -1, "xG_Favor": 1.05, "xG_Contra": 1.7833333333333334, "Pts_Totales": 140}, "Bologna": {"Racha": 6, "Dif_Goles": -1, "xG_Favor": 2.766666666666667, "xG_Contra": 1.9000000000000001, "Pts_Totales": 256}, "Brescia": {"Racha": 0, "Dif_Goles": -5, "xG_Favor": 1.5166666666666666, "xG_Contra": 2.6, "Pts_Totales": 25}, "Cagliari": {"Racha": 2, "Dif_Goles": -1, "xG_Favor": 1.8, "xG_Contra": 2.283333333333333, "Pts_Totales": 148}, "Parma": {"Racha": 4, "Dif_Goles": -1, "xG_Favor": 0.9499999999999998, "xG_Contra": 2.6666666666666665, "Pts_Totales": 69}, "Sheffield United": {"Racha": 1, "Dif_Goles": -3, "xG_Favor": 0.7833333333333333, "xG_Contra": 2.4833333333333334, "Pts_Totales": 93}, "Dijon": {"Racha": 0, "Dif_Goles": -4, "xG_Favor": 0.9, "xG_Contra": 1.75, "Pts_Totales": 51}, "Dortmund": {"Racha": 6, "Dif_Goles": 5, "xG_Favor": 3.133333333333333, "xG_Contra": 1.5, "Pts_Totales": 360}, "Union Berlin": {"Racha": 6, "Dif_Goles": 0, "xG_Favor": 2.4, "xG_Contra": 2.1, "Pts_Totales": 245}, "Fortuna Dusseldorf": {"Racha": 1, "Dif_Goles": -6, "xG_Favor": 1.7833333333333332, "xG_Contra": 2.433333333333333, "Pts_Totales": 30}, "Ein Frankfurt": {"Racha": 3, "Dif_Goles": 0, "xG_Favor": 2.2333333333333334, "xG_Contra": 1.8333333333333333, "Pts_Totales": 244}, "Granada": {"Racha": 4, "Dif_Goles": -1, "xG_Favor": 1.9333333333333336, "xG_Contra": 1.5166666666666666, "Pts_Totales": 161}, "Espanol": {"Racha": 4, "Dif_Goles": 0, "xG_Favor": 1.2833333333333332, "xG_Contra": 2.25, "Pts_Totales": 104}, "Hoffenheim": {"Racha": 3, "Dif_Goles": 0, "xG_Favor": 1.55, "xG_Contra": 1.5, "Pts_Totales": 223}, "Leverkusen": {"Racha": 4, "Dif_Goles": -1, "xG_Favor": 1.7166666666666668, "xG_Contra": 2.716666666666667, "Pts_Totales": 319}, "Mainz": {"Racha": 3, "Dif_Goles": -6, "xG_Favor": 1.9166666666666667, "xG_Contra": 3.2000000000000006, "Pts_Totales": 203}, "Bayern Munchen": {"Racha": 6, "Dif_Goles": 5, "xG_Favor": 3.4333333333333336, "xG_Contra": 1.75, "Pts_Totales": 380}, "Mallorca": {"Racha": 3, "Dif_Goles": 0, "xG_Favor": 1.4333333333333333, "xG_Contra": 1.4000000000000001, "Pts_Totales": 162}, "Valladolid": {"Racha": 0, "Dif_Goles": -6, "xG_Favor": 1.5999999999999999, "xG_Contra": 3.016666666666667, "Pts_Totales": 113}, "Nimes": {"Racha": 4, "Dif_Goles": 1, "xG_Favor": 2.216666666666667, "xG_Contra": 1.6833333333333333, "Pts_Totales": 62}, "Montpellier": {"Racha": 6, "Dif_Goles": 3, "xG_Favor": 2.1, "xG_Contra": 1.4833333333333334, "Pts_Totales": 229}, "RB Leipzig": {"Racha": 4, "Dif_Goles": 0, "xG_Favor": 2.4, "xG_Contra": 1.5166666666666666, "Pts_Totales": 320}, "M'gladbach": {"Racha": 9, "Dif_Goles": 5, "xG_Favor": 2.4833333333333334, "xG_Contra": 1.8499999999999999, "Pts_Totales": 236}, "Real Madrid": {"Racha": 9, "Dif_Goles": 7, "xG_Favor": 2.483333333333333, "xG_Contra": 1.4000000000000001, "Pts_Totales": 461}, "Atletico Madrid": {"Racha": 9, "Dif_Goles": 6, "xG_Favor": 2.4166666666666665, "xG_Contra": 1.0333333333333332, "Pts_Totales": 380}, "Sassuolo": {"Racha": 1, "Dif_Goles": -2, "xG_Favor": 2.283333333333333, "xG_Contra": 2.1166666666666667, "Pts_Totales": 238}, "Roma": {"Racha": 6, "Dif_Goles": 3, "xG_Favor": 2.6833333333333336, "xG_Contra": 1.15, "Pts_Totales": 322}, "Strasbourg": {"Racha": 7, "Dif_Goles": 6, "xG_Favor": 2.066666666666667, "xG_Contra": 0.7833333333333333, "Pts_Totales": 222}, "Lille": {"Racha": 6, "Dif_Goles": 1, "xG_Favor": 2.15, "xG_Contra": 0.8666666666666667, "Pts_Totales": 313}, "Valencia": {"Racha": 0, "Dif_Goles": -3, "xG_Favor": 1.8833333333333335, "xG_Contra": 2.5833333333333335, "Pts_Totales": 235}, "Celta": {"Racha": 3, "Dif_Goles": 0, "xG_Favor": 1.2166666666666668, "xG_Contra": 1.6166666666666665, "Pts_Totales": 220},